name.firstName,name.lastName,age,address.line1,address.line2,address.city,address.state,gender,email
Rohit,Prasad,35,A-563 Rakshak Society,New Pune Road,Pune,Maharashtra,male,rohit1@example.com
Sneha,Sharma,28,B-102 Sunshine Apartments,MG Road,Mumbai,Maharashtra,female,sneha1@example.com
Anil,Kumar,42,C-12 Green Residency,Link Road,Delhi,Delhi,male,anil1@example.com
Priya,Patel,19,Flat 101,Sunset Blvd,Ahmedabad,Gujarat,female,priya1@example.com
Vikram,Singh,61,Villa 5,Central Park,Chennai,Tamil Nadu,male,vikram1@example.com
Amit,Verma,33,D-22 Blue Heights,Station Road,Kolkata,West Bengal,male,amit1@example.com
Neha,Joshi,24,E-33 Palm Residency,M.G Road,Bangalore,Karnataka,female,neha1@example.com
Rajesh,Shah,45,F-45 Rose Apartments,Bridge Street,Hyderabad,Telangana,male,rajesh1@example.com
Kiran,Naik,52,G-67 Maple Residency,Lake View,Goa,Goa,female,kiran1@example.com
Sonal,Mistry,18,H-89 Lotus Apartments,Park Lane,Jaipur,Rajasthan,female,sonal1@example.com
Ramesh,Patil,29,I-12 Green Park,Old Town,Nagpur,Maharashtra,male,ramesh1@example.com
Pooja,Desai,36,J-34 Silver Heights,MG Road,Surat,Gujarat,female,pooja1@example.com
Manoj,Reddy,41,K-56 Sunset Residency,Main Street,Vijayawada,Andhra Pradesh,male,manoj1@example.com
Alka,Banerjee,22,L-78 Ocean View,Beach Road,Kolkata,West Bengal,female,alka1@example.com
Siddharth,Gupta,50,M-90 Diamond Apartments,Central Avenue,Delhi,Delhi,male,siddharth1@example.com
Ritu,Chopra,27,N-21 Pearl Residency,Road No. 5,Pune,Maharashtra,female,ritu1@example.com
Vijay,Mehra,33,O-43 Lotus Apartments,Old Market,Mumbai,Maharashtra,male,vijay1@example.com
Shreya,Singh,39,P-65 Blue Residency,Sunset Road,Bangalore,Karnataka,female,shreya1@example.com
Deepak,Sharma,47,Q-87 Green Heights,Bridge Street,Hyderabad,Telangana,male,deepak1@example.com
Anita,Rao,55,R-19 Palm Residency,Lake View,Goa,Goa,female,anita1@example.com
Kunal,Kumar,23,S-31 Rose Apartments,Park Lane,Jaipur,Rajasthan,male,kunal1@example.com
Rina,Patel,20,T-53 Silver Heights,Main Street,Nagpur,Maharashtra,female,rina1@example.com
Harsh,Verma,37,U-75 Diamond Residency,Road No. 7,Surat,Gujarat,male,harsh1@example.com
Nisha,Joshi,26,V-97 Ocean View,Beach Road,Vijayawada,Andhra Pradesh,female,nisha1@example.com
Suresh,Shah,44,W-12 Lotus Apartments,MG Road,Kolkata,West Bengal,male,suresh1@example.com
Priya,Naik,51,X-34 Sunset Residency,Station Road,Delhi,Delhi,female,priya2@example.com
Raghav,Mistry,19,Y-56 Green Park,Old Town,Pune,Maharashtra,male,raghav1@example.com
Meera,Patil,31,Z-78 Blue Heights,Bridge Street,Mumbai,Maharashtra,female,meera1@example.com
Anand,Desai,48,A1-90 Rose Apartments,Road No. 3,Bangalore,Karnataka,male,anand1@example.com
Sana,Reddy,29,B1-21 Palm Residency,Central Avenue,Hyderabad,Telangana,female,sana1@example.com
Rohan,Banerjee,34,C1-43 Silver Heights,Park Lane,Goa,Goa,male,rohan1@example.com
Isha,Gupta,36,D1-65 Diamond Residency,Lake View,Jaipur,Rajasthan,female,isha1@example.com
Nitin,Chopra,60,E1-87 Lotus Apartments,Old Market,Nagpur,Maharashtra,male,nitin1@example.com
Neetu,Mehra,25,F1-19 Green Residency,Sunset Road,Surat,Gujarat,female,neetu1@example.com
Aakash,Singh,40,G1-31 Ocean View,Road No. 9,Vijayawada,Andhra Pradesh,male,aakash1@example.com
Rachna,Sharma,38,H1-53 Blue Heights,MG Road,Kolkata,West Bengal,female,rachna1@example.com
Rajiv,Rao,55,I1-75 Palm Residency,Central Avenue,Delhi,Delhi,male,rajiv1@example.com
Shalini,Kumar,21,J1-97 Rose Apartments,Bridge Street,Pune,Maharashtra,female,shalini1@example.com
Vikrant,Verma,32,K1-12 Lotus Apartments,Old Town,Mumbai,Maharashtra,male,vikrant1@example.com
Divya,Joshi,27,L1-34 Silver Heights,Road No. 5,Bangalore,Karnataka,female,divya1@example.com
Sanjay,Shah,45,M1-56 Diamond Residency,Main Street,Hyderabad,Telangana,male,sanjay1@example.com
Rhea,Naik,22,N1-78 Ocean View,Beach Road,Goa,Goa,female,rhea1@example.com
Arjun,Mistry,50,O1-90 Lotus Apartments,Park Lane,Jaipur,Rajasthan,male,arjun1@example.com
Tina,Patil,24,P1-21 Green Heights,Station Road,Nagpur,Maharashtra,female,tina1@example.com
Karthik,Desai,37,Q1-43 Blue Residency,Bridge Street,Surat,Gujarat,male,karthik1@example.com
Simran,Reddy,28,R1-65 Rose Apartments,Road No. 7,Vijayawada,Andhra Pradesh,female,simran1@example.com
Vivek,Banerjee,41,S1-87 Palm Residency,Old Market,Kolkata,West Bengal,male,vivek1@example.com
Pallavi,Gupta,30,T1-19 Diamond Residency,Lake View,Delhi,Delhi,female,pallavi1@example.com
Rajat,Chopra,53,U1-31 Lotus Apartments,Central Avenue,Pune,Maharashtra,male,rajat1@example.com
Ankita,Mehra,26,V1-53 Ocean View,Sunset Road,Mumbai,Maharashtra,female,ankita1@example.com
Siddhant,Singh,35,W1-75 Blue Heights,MG Road,Bangalore,Karnataka,male,siddhant1@example.com
Reema,Sharma,33,X1-97 Palm Residency,Bridge Street,Hyderabad,Telangana,female,reema1@example.com
Manish,Rao,48,Y1-12 Rose Apartments,Road No. 3,Goa,Goa,male,manish1@example.com
Aarti,Kumar,29,Z1-34 Diamond Residency,Old Town,Jaipur,Rajasthan,female,aarti1@example.com
Rahul,Verma,36,A2-56 Lotus Apartments,Central Avenue,Nagpur,Maharashtra,male,rahul1@example.com
Nandini,Joshi,20,B2-78 Silver Heights,Lake View,Surat,Gujarat,female,nandini1@example.com
Anuj,Shah,41,C2-90 Blue Residency,Main Street,Vijayawada,Andhra Pradesh,male,anuj1@example.com
Kavita,Naik,24,D2-21 Rose Apartments,Park Lane,Kolkata,West Bengal,female,kavita1@example.com
Rohan,Mistry,39,E2-43 Palm Residency,Road No. 7,Delhi,Delhi,male,rohan2@example.com
Shivani,Patil,27,F2-65 Lotus Apartments,Sunset Road,Pune,Maharashtra,female,shivani1@example.com
Aman,Desai,52,G2-87 Diamond Residency,Station Road,Mumbai,Maharashtra,male,aman1@example.com
Neha,Reddy,31,H2-19 Ocean View,Old Market,Bangalore,Karnataka,female,neha2@example.com
Kunal,Banerjee,44,I2-31 Blue Heights,Central Avenue,Hyderabad,Telangana,male,kunal2@example.com
Ritika,Gupta,28,J2-53 Palm Residency,Lake View,Goa,Goa,female,ritika1@example.com
Sanjay,Chopra,37,K2-75 Rose Apartments,MG Road,Jaipur,Rajasthan,male,sanjay2@example.com
Priya,Mehra,23,L2-97 Lotus Apartments,Bridge Street,Nagpur,Maharashtra,female,priya3@example.com
Raghav,Singh,46,M2-12 Diamond Residency,Road No. 5,Surat,Gujarat,male,raghav2@example
